TIPOLOGÍA,DENOMINACIÓN O TÍTULO,AUTOR,ESTILO,CRONOLOGÍA,MATERIA/TÉCNICA,DIMENSIONES,ESTADO DE CONSERVACIÓN,PUNTUACIÓN
PINTURA,PAISAJE ABSTRACTO,ANTONIO MARTÍNEZ MORALES,CONTEMPORÁNEO,SIGLO XX,MIXTA SOBRE TABLA,48 X 38cm,BUENO/ENMARCADO,8.2
PINTURA,ABSTRACCIÓN GEOMÉTRICA,J. CRUZ ILLÁN CHUS,CONTEMPORÁNEO,2007,ÓLEO SOBRE LIENZO,73 X 91cm,BUENO/ENMARCADO,7.9
PINTURA,PAISAJE RURAL,JOSÉ LUCAS RUIZ,CONTEMPORÁNEO,SIGLO XX,ÓLEO SOBRE LIENZO,25 X 33cm,BUENO/ENMARCADO,8.9
PINTURA,PINTURA ABSTRACTA,MARÍA JOSÉ RAMÍREZ,CONTEMPORÁNEO,SIGLO XX,ÓLEO SOBRE LIENZO,25 X 19cm,BUENO/ENMARCADO,8.7
PINTURA,NIÑA EN EL BALCÓN,ANTONIO GÓMEZ CANO,CONTEMPORÁNEO,1948,ÓLEO SOBRE LIENZO,59 X 49cm,BUENO/ENMARCADO,8.5
PINTURA,PAISAJE RURAL,MIGUEL VALVERDE,CONTEMPORÁNEO,SIGLO XX,ÓLEO SOBRE LIENZO,41 X 51cm,BUENO/ENMARCADO,8.9
PINTURA,PAISAJE DE MONTAÑA,MANUEL AVELLANEDA GÓMEZ,CONTEMPORÁNEO,SIGLO XX,ÓLEO SOBRE LIENZO,79 X 98cm,BUENO/ENMARCADO,8.9
PINTURA,PAISAJE CIEZANO,JOSÉ AROCA LUCAS,CONTEMPORÁNEO,SIGLO XX,ÓLEO SOBRE LIENZO,137 X 153cm,BUENO/ENMARCADO,9.2
PINTURA,PINTURA ABSTRACTA,ANTONIO MARTÍNEZ MENGUAL,CONTEMPORÁNEO,SIGLO XX,PINTURA SOBRE PAPEL,99 X 70cm,BUENO/ENMARCADO,6.7
PINTURA,PAISAJE DE MONTAÑA,JOSÉ SÁNCHEZ CARRALERO,CONTEMPORÁNEO,1973,ÓLEO SOBRE LIENZO,63 X 74cm,BUENO/ENMARCADO,9.0
PINTURA,ESCENA COSTUMBRISTA,MANUEL MUÑOZ BARBERÁN,CONTEMPORÁNEO,SIGLO XX,ÓLEO SOBRE LIENZO,93 X 157cm,BUENO/ENMARCADO,9.1
PINTURA,PAISAJE RURAL,DIEGO DE HELLÍN,CONTEMPORÁNEO,SIGLO XX,ÓLEO SOBRE LIENZO,31 X 45cm,BUENO/ENMARCADO,8.8
PINTURA,JUEGO DE CARTAS,JOSÉ REYES GUILLÉN,CONTEMPORÁNEO,SIGLO XX,DIBUJO SOBRE PAPEL,40 X 34cm,BUENO/ENMARCADO,7.0
PINTURA,ABSTRACCIÓN GEOMÉTRICA,PASCUAL FERNÁNDEZ MOLINA,CONTEMPORÁNEO,SIGLO XX,MIXTA SOBRE TABLA,44 X 53cm,BUENO/ENMARCADO,7.5
PINTURA,CASAS COLGANTES,REME LUZ MENDOZA,CONTEMPORÁNEO,1978,MIXTA SOBRE PAPEL,19 X 25cm,BUENO/ENMARCADO,8.0
PINTURA,GUITARRA ABSTRACTA,MARÍA JOSÉ RUBIO MARTÍNEZ,CONTEMPORÁNEO,1990,CERAS SOBRE PAPEL,50 X 32cm,BUENO/ENMARCADO,7.6
PINTURA,PAISAJE DE MONTAÑA,PIÑERA,CONTEMPORÁNEO,SIGLO XX,ÓLEO SOBRE LIENZO,53 X 63cm,BUENO/ENMARCADO,9.0
PINTURA,PAISAJE CIEZANO,JESÚS CARRILLO VILLA,CONTEMPORÁNEO,SIGLO XX,ÓLEO SOBRE LIENZO,53 x 63cm,BUENO/ENMARCADO,8.6
PINTURA,PAISAJE URBANO,ANTONIO MEDINA BARDÓN,CONTEMPORÁNEO,1946,ACUARELA SOBRE PAPEL,28 X 42cm,BUENO/ENMARCADO,7.4
PINTURA,PAISAJE URBANO,ELOY MORENO,CONTEMPORÁNEO,SIGLO XX,ÓLEO SOBRE LIENZO,48 X 59cm,BUENO/ENMARCADO,8.6
PINTURA,MARINA,JUAN BONAFÉ,CONTEMPORÁNEO,1952,ÓLEO SOBRE LIENZO,44 X 53cm,BUENO/ENMARCADO,8.8
PINTURA,NIÑO CON CAMISA DE CUADROS,ANTONIO HERNÁNDEZ CARPE,CONTEMPORÁNEO,SIGLO XX,ÓLEO SOBRE LIENZO,78 X 59cm,BUENO/ENMARCADO,8.4
PINTURA,PAISAJE RURAL,MANUEL GONZÁLEZ SANTANA,CONTEMPORÁNEO,SIGLO XX,ÓLEO SOBRE LIENZO,50 X 60cm,BUENO/ENMARCADO,8.8
PINTURA,PAISAJE CON PUENTE DE PIEDRA,JUAN MUÑOZ,CONTEMPORÁNEO,SIGLO XX,ÓLEO SOBRE LIENZO,119 X 90cm,BUENO/ENMARCADO,9.2
PINTURA,PINTURA ABSTRACTA,JOSÉ ANTONIO MOLINA SÁNCHEZ,CONTEMPORÁNEO,1980,ÓLEO SOBRE LIENZO,71 X 48cm,BUENO/ENMARCADO,8.2
PINTURA,MAPA DELS CASTELLERS,JESÚS MULLOR,CONTEMPORÁNEO,2007,AGUA FUERTE SOBRE RESINA Y PIGMENTOS,60 X 120cm,BUENO/ENMARCADO,7.8
PINTURA,PINTURA ABSTRACTA,LETICIA DE LA TORRE,CONTEMPORÁNEO,2003,COLLAGE SOBRE PAPEL,114 X 120cm,BUENO/ENMARCADO,7.1
PINTURA,RECUERDOS OLVIDADOS,AMALIA NAVARRO JARA,CONTEMPORÁNEO,2006,ÓLEO SOBRE LIENZO,89 X 116cm,BUENO/ENMARCADO,8.6
PINTURA,JARRÓN CON FLORES,FRANCISCA PAGÁN,CONTEMPORÁNEO,2003,ÓLEO SOBRE LIENZO,115 X 88cm,BUENO/ENMARCADO,8.5
PINTURA,CHOPO JUNTO AL RÍO,PEDRO AVELLANEDA BAÑOS,CONTEMPORÁNEO,2007,ÓLEO SOBRE LIENZO,113 X 49cm,BUENO/ENMARCADO,8.8
PINTURA,PINTURA ABSTRACTA,ANTONIO SOTO ALCÓN,CONTEMPORÁNEO,2006,ÓLEO SOBRE LIENZO,100 X 100cm,BUENO/ENMARCADO,8.8
PINTURA,ESPIRALIA,JOSÉ MARTÍNEZ RUIZ,CONTEMPORÁNEO,2007,MIXTA SOBRE TABLA,69 X 50cm,BUENO/ENMARCADO,7.5
PINTURA,CASA JUNTO A LA ACEQUIA,PEDRO AVELLANEDA BAÑOS,CONTEMPORÁNEO,1987,ACUARELA SOBRE PAPEL,29 X 44cm,BUENO/ENMARCADO,7.7
PINTURA,MUJER CON SOMBRERO,CAYETANO TOLEDO PUCHE,CONTEMPORÁNEO,SIGLO XX,MIXTA SOBRE TABLA,39 X 33cm,BUENO/ENMARCADO,7.4
PINTURA,PAISAJE RURAL,GUILLERMO GARCÍA-SAÚCO RODRÍGUEZ,CONTEMPORÁNEO,SIGLO XX,ÓLEO SOBRE LIENZO,64 X 75cm,BUENO/ENMARCADO,8.4
PINTURA,PAISAJE ABSTRACTO,FIRMA ILEGIBLE,CONTEMPORÁNEO,1947,MIXTA ACUARELA,49 X 62cm,BUENO/ENMARCADO,7.3
DIBUJO,PROYECTO DE MERCADO PARA LA CIUDAD DE CIEZA,JULIO CARRILERO,CONTEMPORÁNEO,1927,DIBUJO SOBRE PAPEL,84 X 34cm,BUENO/ENMARCADO,6.1
PINTURA,JARRÓN CON FLORES,ANÓNIMO,CONTEMPORÁNEO,SIGLO XX,ACUARELA SOBRE PAPEL,53 X 43cm,BUENO/ENMARCADO,7.7
PINTURA,PAISAJE ABSTRACTO,MANUEL PARRA JACOBO,CONTEMPORÁNEO,SIGLO XX,ACUARELA SOBRE PAPEL,25 X 32cm,BUENO/ENMARCADO,7.3
PINTURA,PAISAJE RURAL,MARIANO MARTÍNEZ BÉJAR,CONTEMPORÁNEO,1994,ACUARELA SOBRE PAPEL,28 X 20cm,BUENO/ENMARCADO,7.8
PINTURA,CUERPO NEGRO,RAFAEL CONTRERAS LÓPEZ,CONTEMPORÁNEO,2012,MIXTA SOBRE TABLA,100 X 122cm,BUENO/ENMARCADO,8.1
PINTURA,A CASO CREÍAS QUE TÚ ERAS EL ESPECTADOR,MONSERRAT GUTIÉRREZ VALLERIO,CONTEMPORÁNEO,2007,ACRÍLICO SOBRE LIENZO,130 X 161cm,REGULAR/ENMARCADO,6.5
PINTURA,CUBIERTOS AL DESCUBIERTO,ANTONIO GARCÍA SÁNCHEZ,CONTEMPORÁNEO,2008,ACRÍLICO SOBRE LIENZO,114 X 193cm,BUENO/ENMARCADO,7.0
PINTURA,WAITING FOR SOMETHING,MARÍA CARBONELL FOULQUIÉ,CONTEMPORÁNEO,2012,ÓLEO SOBRE TABLA,150 X 100cm,BUENO/ENMARCADO,7.8
PINTURA,TRAVESÍA,PEDRO NOGUERA NAVARRO,CONTEMPORÁNEO,2013,YESO MATE PLATEADO SOBRE TABLA,155 X 183cm,BUENO/SIN ENMARCAR,6.3
ESCULTURA,BUSTO DE NIÑO,JOSÉ PLANES PEÑALVER,CONTEMPORÁNEO,SIGLO XX,PIEDRA CALIZA TALLADA Y PULIDA,34 X 24 X 25cm,REGULAR/SIN RESTAURAR,5.5
ESCULTURA,NIÑA FALANGISTA,JOSÉ PLANES PEÑALVER,REALISMO DE POSGUERRA,SIGLO XX,PIEDRA CALIZA TALLADA Y PULIDA,51 X 36 X 20cm,REGULAR/SIN RESTAURAR,6.1
ESCULTURA,CABEZA ENSAMBLADA,ANÓNIMO,CONTEMPORÁNEO,SIGLO XVIII,PIEDRA CALIZA TALLADA Y PULIDA,50 X 16 X 23cm,REGULAR/SIN RESTAURAR,6.1
ESCULTURA,MATERNIDAD,PEDRO ANTONIO SAORÍN BOSCH,CONTEMPORÁNEO,1999,BRONCE A LA CERA PERDIDA,52 X 15 X 17cm,BUENO/SIN RESTAURAR,5.3
ESCULTURA,HERMAFRODITA GRANDE,JESÚS FERNÁNDEZ GARCÍA,CONTEMPORÁNEO,SIGLO XX,OLIVERA TALLADA Y PULIDA,90 X 70 X 70cm,BUENO/SIN RESTAURAR,6.3
ESCULTURA,BROTE DE VIDA,SOFÍA TORNERO GEA,CONTEMPORÁNEO,2010,PÁTINA DE PIGMENTOS NATURALES,34 X 19 X 12cm,BUENO/SIN RESTAURAR,5.4
ESCULTURA,ESCULTURA ABSTRACTA,GINÉS VICENTE FERNÁNDEZ,CONTEMPORÁNEO,2011,MADERA TALLADA Y PULIDA,54 X 18 X 20cm,BUENO/SIN RESTAURAR,6.3
ESCULTURA,ESCULTURA ABSTRACTA,JOSÉ MARTÍNEZ RUIZ,CONTEMPORÁNEO,2007,ARCILLA TALLADA Y PULIDA,32 X 33 X 16cm,BUENO/SIN RESTAURAR,5.7
ESCULTURA,VASIJA HISTÓRICA,ANÓNIMO,DESCONOCIDO,DESCONOCIDA,PIEDRA CALIZA TALLADA Y PULIDA,36 X 41 X 48cm,REGULAR (POSEE RESTOS DE ALQUITRÁN),5.9
ESCULTURA,BUSTO FRANCISCO FRANCO,JOSÉ PLANES PEÑALVER,REALISMO DE POSGUERRA,1940,VACIADO DE CEMENTO,60 X 19 X 40cm,MALO/SIN RESTAURAR,6.0
PINTURA,EQUI,MARIA ANTONIA ZAMORANO,CONTEMPORÁNEO,2008,HIBRIDACIONES-IMPRESIÓN DIGITAL,46 X 25cm,BUENO/SIN RESTAURAR,6.8
PINTURA,PINTURA ABSTRACTA,JOSÉ ANTONIO MOLINA SÁNCHEZ,CONTEMPORÁNEO,1981,ACUARELA SOBRE PAPEL,22 X 29cm,BUENO/ENMARCADO,7.1
PINTURA,PINTURA ABSTRACTA,JOSÉ LUCAS RUIZ,CONTEMPORÁNEO,1982,MIXTA SOBRE TABLA,69 X 59cm,BUENO/ENMARCADO,7.9
PINTURA,PINTURA ABSTRACTA,JOSÉ LUCAS RUIZ,CONTEMPORÁNEO,1923,MIXTA SOBRE TABLA,68 X 48cm,BUENO/ENMARCADO,7.7
PINTURA,PINTURA ABSTRACTA,JOSÉ LUCAS RUIZ,CONTEMPORÁNEO,SIGLO XX,MIXTA SOBRE TABLA,49 X 34cm,BUENO/ENMARCADO,8.4
DIBUJO,PROYECTO DE MERCADO PARA CIEZA,JULIO CARRILERO,CONTEMPORÁNEO,1927,DIBUJO SOBRE PAPEL,74 X 24cm,BUENO/ENMARCADO,6.1
PINTURA,PAISAJE CON CORNISA ARQUITECTÓNICA,PEDRO SERNA VERDÚ,CONTEMPORÁNEO,2009,ACUARELA SOBRE PAPEL,32 X 26cm,BUENO/ENMARCADO,8.4
PINTURA,ROSTRO FEMENINO DE PERFIL,JESÚS DE PERCEVAL,CONTEMPORÁNEO,SIGLO XX,ÓLEO SOBRE LIENZO,43 X 36cm,BUENO/ENMARCADO,8.6
PINTURA,PAISAJE DE MONTAÑA,CAYETANO TOLEDO PUCHE,CONTEMPORÁNEO,SIGLO XX,ÓLEO SOBRE TABLA,60 X 72cm,BUENO/ENMARCADO,7.4
PINTURA,RETRATO FEMENINO,ANTONIO GÓMEZ CANO,CONTEMPORÁNEO,1949,ÓLEO SOBRE LIENZO,63 X 51cm,BUENO/ENMARCADO,7.8
PINTURA,PAISAJE RURAL,JOSÉ SEMITIEL SEGURA,CONTEMPORÁNEO,1976,ACUARELA SOBRE PAPEL,25 X 32cm,BUENO/ENMARCADO,7.8
PINTURA,PAISAJE RURAL,JESÚS MARTÍNEZ PIÑERA,CONTEMPORÁNEO,1976,ÓLEO SOBRE LIENZO,32 X 44cm,BUENO/ENMARCADO,9.3
PINTURA,PAISAJE RURAL,VICENTE CANTÓ,CONTEMPORÁNEO,SIGLO XX,ÓLEO SOBRE LIENZO,33 X 37cm,BUENO/ENMARCADO,8.4
PINTURA,PAISAJE RURAL,PASCUAL PIÑERA,CONTEMPORÁNEO,SIGLO XX,ACUARELA SOBRE PAPEL,31 X 40cm,BUENO/ENMARCADO,8.2
PINTURA,PAISAJE RURAL,JOSÉ ANTONIO HELLÍN MARTÍNEZ,CONTEMPORÁNEO,1989,PASTEL SOBRE PAPEL,49 X 63cm,BUENO/ENMARCADO,8.0
PINTURA,PAISAJE ABSTRACTO,M. SÁNCHEZ,CONTEMPORÁNEO,SIGLO XX,ÓLEO SOBRE LIENZO,49 X 59cm,BUENO/ENMARCADO,8.5
PINTURA,PAISAJE RURAL,BEATRIZ MUÑOZ,CONTEMPORÁNEO,1987,CERAS SOBRE PAPEL DE LIJA,16 X 22cm,BUENO/ENMARCADO,8.2
PINTURA,RETRATO FEMENINO,MARÍA JOAQUINA SÁNCHEZ DATO,CONTEMPORÁNEO,SIGLO XX,ACUARELA SOBRE PAPEL,11 X 17cm,BUENO/ENMARCADO,7.3
PINTURA,PAISAJE CIEZANO,JOSÉ ANTONIO HELLÍN MARTÍNEZ,CONTEMPORÁNEO,SIGLO XX,ÓLEO SOBRE LIENZO,45 X 55cm,BUENO/ENMARCADO,9.2
PINTURA,RETRATO DE MUJER SENTADA,MARIANO BALLESTER,CONTEMPORÁNEO,1942,ÓLEO SOBRE LIENZO,116 X 58cm,BUENO/ENMARCADO,8.3
PINTURA,BODEGÓN CON FRUTA,JESÚS CARRILLO VILLA,CONTEMPORÁNEO,SIGLO XX,ÓLEO SOBRE LIENZO,53 X 64cm,BUENO/ENMARCADO,8.7
PINTURA,SE VENDE UNA ESCENA DE TEATRO,JOSÉ LUCAS RUIZ,CONTEMPORÁNEO,SIGLO XX,ÓLEO SOBRE LIENZO,224 X 112cm,BUENO/ENMARCADO,8.1
PINTURA,SIN TÍTULO,ARTEMIS XIMERAKIS TORTOSA,CONTEMPORÁNEO,2004,ÓLEO SOBRE LIENZO,220 X 110cm,BUENO/ENMARCADO,8.9
PINTURA,BODEGÓN TUMBADO CON SILLA,JORGE MONLLOR,CONTEMPORÁNEO,1948,ÓLEO SOBRE LIENZO,79 X 63cm,BUENO/ENMARCADO,7.8
PINTURA,PAISAJE AFRICANO,FIRMA ILEGIBLE,CONTEMPORÁNEO,SIGLO XX,ÓLEO SOBRE LIENZO,53 X 63cm,BUENO/ENMARCADO,8.2
PINTURA,PINTURA ABSTRACTA,ABEL CUERDA,CONTEMPORÁNEO,1996,MIXTA SOBRE TABLA,60 X 80cm,BUENO/ENMARCADO,8.2
PINTURA,PINTURA ABSTRACTA,FIRMA ILEGIBLE,CONTEMPORÁNEO,SIGLO XX,ACUARELA SOBRE PAPEL,210 X 70cm,BUENO/ENMARCADO,6.7
PINTURA,PAISAJE DE MONTAÑA,MANUEL AVELLANEDA GÓMEZ,CONTEMPORÁNEO,SIGLO XX,ÓLEO SOBRE LIENZO,62 X 78cm,BUENO/ENMARCADO,8.1
PINTURA,MATERNIDAD,JOAQUÍN GARCÍA,CONTEMPORÁNEO,SIGLO XX,ÓLEO SOBRE LIENZO,24 X 22cm,BUENO/SIN ENMARCAR,7.2
PINTURA,CAMINO DE LA SIERRA LARGA,ANTONIO BUITRAGO PUCHE,CONTEMPORÁNEO,SIGLO XX,ÓLEO SOBRE LIENZO,53 X 64cm,BUENO/ENMARCADO,8.6
PINTURA,PAISAJE CIEZANO,MANUEL MUÑÓZ BARBERÁN,CONTEMPORÁNEO,SIGLO XX,ÓLEO SOBRE LIENZO,57 X 60cm,BUENO/ENMARCADO,8.4
PINTURA,ATARDECER EN CIEZA,PEDRO AVELLANEDA BAÑOS,CONTEMPORÁNEO,SIGLO XX,ÓLEO SOBRE LIENZO,80 X 99cm,BUENO/ENMARCADO,7.9
PINTURA,PAISAJE DE MONTAÑA,JESÚS CARRILLO VILLA,CONTEMPORÁNEO,SIGLO XX,ÓLEO SOBRE LIENZO,32 X 45cm,BUENO/ENMARCADO,9.0
PINTURA,ÉXODO,ANTONIO BUITRAGO PUCHE,CONTEMPORÁNEO,2003,"ÓLEO, TINTES Y PIGMENTOS EN POLVO SOBRE LIENZO",400 X 198cm,BUENO/ENMARCADO,7.4
PINTURA,LOS FUSILAMIENTOS DEL 3 DE MAYO,ANÓNIMO,CONTEMPORÁNEO,SIGLO XX,ÓLEO SOBRE LIENZO,266 X 380cm,BUENO/ENMARCADO,7.8
PINTURA,LOS SINDICOS DE LOS PAÑEROS,ANÓNIMO,CONTEMPORÁNEO,SIGLO XX,ÓLEO SOBRE LIENZO,192 X 279cm,BUENO/ENMARCADO,8.1
PINTURA,TIERRAS OCRES,SILVIA VIÑAO,CONTEMPORÁNEO,2009,ÓLEO SOBRE LIENZO,54 X 80cm,BUENO/ENMARCADO,8.6
PINTURA,PAISAJE DE PRIMAVERA,FIRMA ILEGIBLE,CONTEMPORÁNEO,SIGLO XX,DIBUJO SOBRE PAPEL,48 X 31cm,BUENO/ENMARCADO,7.5
PINTURA,PAISAJE DE INVIERNO,FIRMA ILEGIBLE,CONTEMPORÁNEO,SIGLO XX,ÓLEO SOBRE LIENZO,19 X 24cm,BUENO/ENMARCADO,8.9
PINTURA,SIMPLICIDAD DE MI,ANA ALMELA LUCAS,CONTEMPORÁNEO,2014,ÓLEO SOBRE LIENZO,280 X 195cm,BUENO/ SIN ENMARCAR,7.7
PINTURA,PINTURA ABSTRACTA,CEFERINO MORENO,CONTEMPORÁNEO,SIGLO XX,MIXTA SOBRE TABLA,60 X 40cm,BUENO/ENMARCADO,7.7
PINTURA,PAJARITAS,DARIO XAVIER HERRERA,CONTEMPORÁNEO,2007,MIXTA SOBRE TABLA,40 X 60cm,BUENO/SIN ENMARCAR,6.6
PINTURA,PINTURA ABSTRACTA,JOSÉ MÁRIA PÁRRAGA,CONTEMPORÁNEO,1975,DIBUJO SOBRE PAPEL,63 X 49cm,BUENO/ENMARCADO,8.0
PINTURA,BODEGONES,JESÚS MORENO GUARDIOLA,CONTEMPORÁNEO,1979,ÓLEO SOBRE LIENZO,60 X 49cm,BUENO/ENMARCADO,8.5
PINTURA,PAISAJE DE MURCIA,JUAN CAMACHO,CONTEMPORÁNEO,1994,ACUARELA SOBRE PAPEL,47 X 68cm,BUENO/ENMARCADO,7.6
PINTURA,FLORES,PEPITA AVELLANEDA,CONTEMPORÁNEO,SIGLO XX,ACUARELA SOBRE PAPEL,29 X 22cm,BUENO/ENMARCADO,7.1
PINTURA,PAISAJE CIEZANO,JESÚS CARRILLO VILLA,CONTEMPORÁNEO,SIGLO XX,ÓLEO SOBRE LIENZO,37 X 45cm,BUENO/ENMARCADO,9.3
PINTURA,PAISAJE JUNTO AL RÍO,PEDRO AVELLANEDA BAÑOS,CONTEMPORÁNEO,SIGLO XX,AGUADA SOBRE PAPEL,24 X 35cm,BUENO/ENMARCADO,7.6
PINTURA,PAISAJE RURAL,FIRMA ILEGIBLE,CONTEMPORÁNEO,SIGLO XX,MIXTA SOBRE TABLA,49 X 69cm,BUENO/ENMARCADO,8.4
PINTURA,PAISAJE RURAL,JUAN BONAFÉ,CONTEMPORÁNEO,SIGLO XX,ACUARELA SOBRE PAPEL,31 X 44cm,BUENO/ENMARCADO,7.3
PINTURA,DESNUDO MASCULINO,JOQUI LÓPEZ,CONTEMPORÁNEO,SIGLO XX,ÓLEO SOBRE LIENZO,68 X 67cm,BUENO/ENMARCADO,8.3
PINTURA,ENERGÍA DE NUEVA YORK,MARÍA DOLORES RUIZ PUERTA,CONTEMPORÁNEO,2006,MIXTA SOBRE LIENZO,102 X 120cm,BUENO/ENMARCADO,7.5
PINTURA,HOMENAJE A MIGUEL HERNÁNDEZ,ALARCÓN FELIZES,CONTEMPORÁNEO,SIGLO XX,ÓLEO SOBRE LIENZO,43 X 33cm,BUENO/ENMARCADO,7.6
PINTURA,ROSTRO DE PERFIL,JUAN SOLANO GARCÍA,CONTEMPORÁNEO,1987,DIBUJO SOBRE PAPEL,12 X 15cm,BUENO/ENMARCADO,7.0
PINTURA,PAISAJE URBANO DE CIEZA,MARÍA JOAQUINA SÁNCHEZ DATO,CONTEMPORÁNEO,2006,ÓLEO SOBRE LIENZO,72 X 99cm,BUENO/ENMARCADO,9.3
PINTURA,PAISAJE URBANO DE CIEZA,ANTONY SAMELIAN,CONTEMPORÁNEO,2006,MIXTA SOBRE LIENZO,79 X 98cm,BUENO/ENMARCADO,7.6
PINTURA,M4-200,ÁNGEL PEÑUELA NAVARRETE,CONTEMPORÁNEO,2007,ÓLEO SOBRE LIENZO,161 X 161cm,BUENO/ENMARCADO,8.8
PINTURA,PINTURA ABSTRACTA (EXPOSICIÓN INSTANTES NEVADOS),JOSÉ SEMITIEL SEGURA,CONTEMPORÁNEO,2006,ÓLEO SOBRE LIENZO,99 X 80cm,BUENO/ENMARCADO,8.1
PINTURA,RAICES,JOSÉ LUIS PIÑERA ORTIZ,CONTEMPORÁNEO,2007,ÓLEO SOBRE TELA,130 X 160cm,BUENO/ENMARCADO,7.2
PINTURA,EL IDOLO DE LA SERRETA,ANDRÉS PUIG,CONTEMPORÁNEO,2002,ÓLEO SOBRE LIENZO,150 X 96cm,BUENO/SIN ENMARCAR,6.6
PINTURA,PAISAJE URBANO DE CIEZA,MANUEL GUTIÉRREZ CARRASCOSA,CONTEMPORÁNEO,2006,MIXTA SOBRE TABLA,79 X 99cm,BUENO/ENMARCADO,8.4
FOTOGRAFÍA,DESDE LA ATALAYA,"JOSÉ ALBERTO LUCAS GONZÁLEZ ""TETE LUKAS""",CONTEMPORÁNEO,2013,IMPRESIÓN DIGITAL EN COLOR,160 X 85cm,BUENO/SIN ENMARCAR,4.7
PINTURA,SIN TÍTULO,JUAN ANTONIO ABELLÁN JULIÁ,CONTEMPORÁNEO,2006,ÓLEO SOBRE LIENZO,90 X 90cm,BUENO/SIN ENMARCAR,6.8
PINTURA,PAISAJE DE LETOUR,PEDRO AVELLANEDA BAÑOS,CONTEMPORÁNEO,2007,ÓLEO SOBRE LIENZO,100 X 150cm,BUENO/ENMARCADO,9.0
PINTURA,FANTASÍA,PASCUAL PIÑERA,CONTEMPORÁNEO,1981,ÓLEO SOBRE LIENZO,53 X 63cm,BUENO/ENMARCADO,8.0
PINTURA,PAISAJE DE OTOÑO,FIRMA ILEGIBLE,CONTEMPORÁNEO,SIGLO XX,ÓLEO SOBRE LIENZO,79 X 98cm,BUENO/ENMARCADO,8.8
PINTURA,PAISAJE CON LAGO,JESÚS CARRILLO VILLA,CONTEMPORÁNEO,SIGLO XX,MIXTA SOBRE TABLA,37 X 45cm,BUENO/ENMARCADO,8.5
PINTURA,PAISAJE URBANO DE CIEZA,GONZALO ROMERO NAVARRO,CONTEMPORÁNEO,2015,ÓLEO SOBRE TABLA,95 X 95cm,BUENO/SIN ENMARCAR,6.6
PINTURA,PAISAJE CIEZANO,JOSÉ ATO SAORÍN,CONTEMPORÁNEO,2014,ÓLEO SOBRE LIENZO,99 X 40cm,BUENO/ENMARCADO,8.4
PINTURA,EL CHANDAL NUEVO,LUIS DE HOYOS,CONTEMPORÁNEO,2015,ÓLEO SOBRE TABLA,88 X 49cm,BUENO/ENMARCADO,7.5
FOTOGRAFÍA,BARAKA,"JOSÉ ALBERTO LUCAS GONZÁLEZ ""TETE LUKAS""",CONTEMPORÁNEO,2014,IMPRESIÓN DIGITAL EN COLOR,40 X 40cm,BUENO/SIN ENMARCAR,5.8
PINTURA,LOBO (SERIE ANIMAL VS ANIMAL),JAVIER MARTÍNEZ PINO,CONTEMPORÁNEO,2014,DIBUJO SOBRE PAPEL,21 X 28cm,BUENO/SIN ENMARCAR,6.0
PINTURA,TEJADOS DE CARAVACA,ROSA RODRÍGUEZ GÓMEZ,CONTEMPORÁNEO,2014,ACUARELA SOBRE PAPEL,69 X 56cm,BUENO/ENMARCADO,6.8
PINTURA,PLEGARIA,ANDRÉS PUIG,CONTEMPORÁNEO,2003,MIXTA SOBRE TABLA,50 X 70cm,BUENO/ENMARCADO,7.9
FOTOGRAFÍA,AZUL DE LUZ,CELIA RECHE,CONTEMPORÁNEO,2014,IMPRESIÓN DIGITAL EN COLOR,30 X 30cm,BUENO/SIN ENMARCAR,4.6
PINTURA,FRUTOS,JOSÉ VICTOR VILLALBA GÓMEZ,CONTEMPORÁNEO,2015,ACUARELA SOBRE PAPEL,50 X 70cm,BUENO/ENMARCADO,7.3
PINTURA,PAISAJE CONVENTUAL,ANÓNIMO,CONTEMPORÁNEO,SIGLO XX,GRABADO SOBRE PAPEL,15 X 10cm,BUENO/ENMARCADO,7.8
PINTURA,PATIO DEL NARANJO DE LA CASA ÁRABE NÚMERO 6,GUILLERMINA SÁNCHEZ ORÓ,CONTEMPORÁNEO,2014,ACUARELA SOBRE PAPEL ARCHES,24 X 32cm,BUENO/ENMARCADO,7.0
PINTURA,CAPRICHOS DEL RITMO I,ANTONIO AZNAR MÍNGUEZ,CONTEMPORÁNEO,2007,PAPEL SOBRE PAPEL,40 X 40cm,BUENO/ENMARCADO,7.0
PINTURA,ARQUITECTURA ALMOHADE,A. MARTÍNEZ ORTEGA,CONTEMPORÁNEO,SIGLO XX,DIBUJO SOBRE PAPEL,41 X 59cm,BUENO/ENMARCADO,7.5
PINTURA,RETRATO MASCULINO DE PERFIL,MANUEL LÓPEZ,CONTEMPORÁNEO,CIRCA 1900,ÓLEO SOBRE LIENZO,53 X 40cm,BUENO/ENMARCADO,8.1
PINTURA,ECCE HOMO,ANÓNIMO,CONTEMPORÁNEO,SIGLO XX,PINTURA SOBRE TABLA,46 X 38cm,REGULAR/SIN ENMARCAR,6.9
PINTURA,RETRATO FEMENINO DE PERFIL,MANUEL LÓPEZ,CONTEMPORÁNEO,CIRCA 1900,ÓLEO SOBRE LIENZO,54 X 40cm,BUENO/ENMARCADO,8.2
PINTURA,JARRÓN CON FLORES,MANUEL SUÁREZ DAMUÑO,CONTEMPORÁNEO,2007,ACUARELA SOBRE PAPEL,51 X 36cm,BUENO/ENMARCADO,6.8
PINTURA,PINOS,ANTONIA FERNÁNDEZ BERNAL,CONTEMPORÁNEO,2008,ACRÍLICO SOBRE TELA,162 X 100cm,BUENO/ENMARCADO,6.9
PINTURA,MELTED TREE,JAVIER MARTÍNEZ PINO,CONTEMPORÁNEO,2009,ACRÍLICO SOBRE LIENZO,183 X 130cm,BUENO/SIN ENMARCAR,7.0
PINTURA,DE LA SERIE TIERRA,ANTONIO UTRERA QUESADA,CONTEMPORÁNEO,2009,ÓLEO SOBRE LIENZO,114 X 195cm,BUENO/ENMARCADO,9.0
PINTURA,WHITE MEAT,JUAN JOSÉ MARTÍNEZ CÁNOVAS,CONTEMPORÁNEO,2009,ÓLEO SOBRE TABLA,125 X 95cm,BUENO/ENMARCADO,6.8
PINTURA,EL COLOR DEL TIEMPO,ANTONIO GARCÍA SÁNCHEZ,CONTEMPORÁNEO,2010,MIXTA SOBRE LIENZO,114 X 195cm,BUENO/ENMARCADO,7.7
PINTURA,LA CONCHA AZUL,GINÉS TOMÁS VICENTE FERNÁNDEZ,CONTEMPORÁNEO,2011,ÓLEO SOBRE TABLA,120 X 120cm,BUENO/ENMARCADO,7.2
PINTURA,DE MADRUGADA,JOSÉ VICTOR VILLALBA GÓMEZ,CONTEMPORÁNEO,2007,ÓLEO SOBRE TABLA,130 X 97cm,BUENO/ENMARCADO,7.5
PINTURA,PAISAJE CIEZANO (EXPOSICIÓN PASEO RIBEREÑO),JOSÉ SEMITIEL SEGURA,CONTEMPORÁNEO,2014,ACRÍLICO SOBRE LIENZO,60 X 120cm,BUENO/ENMARCADO,7.7
PINTURA,LAS IDEAS,MANUEL DELGADO MARTÍNEZ,CONTEMPORÁNEO,2010,MIXTA SOBRE MADERA,80 X 40cm,BUENO/SIN ENMARCAR,5.7
PINTURA,PAISAJE DEL RÍO,PEDRO AVELLANEDA BAÑOS,CONTEMPORÁNEO,SIGLO XX,ÓLEO SOBRE LIENZO,81 X 100cm,BUENO/SIN ENMARCAR,7.7
PINTURA,FOLLAJE II,JOSÉ VICTOR VILLALBA GÓMEZ,CONTEMPORÁNEO,2011,ÓLEO SOBRE LIENZO,64 X 61cm,BUENO/ENMARCADO,8.5
PINTURA,FOLLAJE III,JOSÉ VICTOR VILLALBA GÓMEZ,CONTEMPORÁNEO,2011,ÓLEO SOBRE LIENZO,61 X 64cm,BUENO/ENMARCADO,8.1
PINTURA,PAISAJE RURAL,JESÚS CARRILLO VILLA,CONTEMPORÁNEO,SIGLO XX,ÓLEO SOBRE LIENZO,37 X 45cm,BUENO/ENMARCADO,9.3
PINTURA,PAISAJE DE OTOÑO,ZACARÍAS CEREZO,CONTEMPORÁNEO,2013,ÓLEO SOBRE LIENZO,75 X 113cm,BUENO/SIN ENMARCAR,8.4
PINTURA,VIERNES SANTO EN CIEZA,MARIANO MARTÍNEZ BÉJAR,CONTEMPORÁNEO,2004,ACUARELA SOBRE PAPEL,26 X 20cm,BUENO/ENMARCADO,7.2
PINTURA,BODEGÓN CON CANASTO,ANTONIA FERNÁNDEZ BERNAL,CONTEMPORÁNEO,1979,ÓLEO SOBRE LIENZO,59 X 72cm,BUENO/SIN ENMARCAR,6.8
PINTURA,CAPRICHOS DEL RITMO II,ANTONIO AZNAR MÍNGUEZ,CONTEMPORÁNEO,2007,PAPEL SOBRE PAPEL,40 X 40cm,BUENO/ENMARCADO,7.1
PINTURA,DESNUDO SOBRE BLANCO,ELOY ÁNGEL CALDEVILLA,CONTEMPORÁNEO,2010,CARBONCILLO Y ACUARELA SOBRE PAPEL,49 X 39cm,BUENO/ENMARCADO,7.2
PINTURA,RETRATO IDEALIZADO,ANTONIO GRANADOS VALDÉS,CONTEMPORÁNEO,2001,PUNTA SECA SOBRE PAPEL,26 X 30cm,BUENO/ENMARCADO,8.0
PINTURA,RETRATO IDEALIZADO,ANTONIO GRANADOS VALDÉS,CONTEMPORÁNEO,2001,PUNTA SECA SOBRE PAPEL,23 X 32cm,BUENO/ENMARCADO,7.1
PINTURA,RETRATO IDEALIAZDO,ANTONIO GRANADOS VALDÉS,CONTEMPORÁNEO,2000,PUNTA SECA SOBRE PAPEL,23 X 31cm,BUENO/ENMARCADO,7.2
PINTURA,RETRATO IDEALIZADO,ANTONIO GRANADOS VALDÉS,CONTEMPORÁNEO,2001,PUNTA SECA SOBRE PAPEL,32 X 23cm,BUENO/ENMARCADO,7.6
PINTURA,RETRATO IDEALIZADO,ANTONIO GRANADOS VALDÉS,CONTEMPORÁNEO,2000,PUNTA SECA SOBRE PAPEL,23 X 31cm,BUENO/ENMARCADO,7.1
PINTURA,RETRATO IDEALIZADO,ANTONIO GRANADOS VALDÉS,CONTEMPORÁNEO,2001,PUNTA SECA SOBRE PAPEL,26 X 27cm,BUENO/ENMARCADO,7.4
PINTURA,RETRATO IDEALIZADO,ANTONIO GRANADOS VALDÉS,CONTEMPORÁNEO,2001,PUNTA SECA SOBRE PAPEL,27 X 20cm,BUENO/ENMARCADO,7.3
PINTURA,RETRATO IDEALIZADO,ANTONIO GRANADOS VALDÉS,CONTEMPORÁNEO,2000,PUNTA SECA SOBRE PAPEL,29 X 22cm,BUENO/ENMARCADO,6.5
PINTURA,RETRATO IDEALIZADO,ANTONIO GRANADOS VALDÉS,CONTEMPORÁNEO,2000,PUNTA SECA SOBRE PAPEL,29 X 22cm,BUENO/ENMARCADO,7.1
PINTURA,RETRATO IDEALIZADO,ANTONIO GRANADOS VALDÉS,CONTEMPORÁNEO,2000,PUNTA SECA SOBRE PAPEL,29 X 29cm,BUENO/ENMARCADO,7.2
PINTURA,RETRATO IDEALIZADO,ANTONIO GRANADOS VALDÉS,CONTEMPORÁNEO,2000,PUNTA SECA SOBRE PAPEL,29 X 24cm,BUENO/ENMARCADO,7.1
PINTURA,RETRATO IDEALIZADO,ANTONIO GRANADOS VALDÉS,CONTEMPORÁNEO,2000,PUNTA SECA SOBRE PAPEL,31 X 23cm,BUENO/ENMARCADO,6.5
PINTURA,RETRATO IDEALIZADO,ANTONIO GRANADOS VALDÉS,CONTEMPORÁNEO,2000,PUNTA SECA SOBRE PAPEL,31 X 24cm,BUENO/ENMARCADO,7.2
PINTURA,SABIO RENACENTISTA,ANTONIO GRANADOS VALDÉS,CONTEMPORÁNEO,2001,DIBUJO SOBRE PAPEL,54 X 36cm,BUENO/ENMARCADO,7.1
PINTURA,RETRATO DE VIEJO PINTOR VENECIANO,ANTONIO GRANADOS VALDÉS,CONTEMPORÁNEO,2001,DIBUJO SOBRE PAPEL,54 X 36cm,BUENO/ENMARCADO,6.8
PINTURA,RETRATO RENACENTISTA,ANTONIO GRANADOS VALDÉS,CONTEMPORÁNEO,2001,DIBUJO SOBRE PAPEL,54 X 36cm,BUENO/ENMARCADO,7.8
PINTURA,PERFIL ITALIANO,ANTONIO GRANADOS VALDÉS,CONTEMPORÁNEO,2001,DIBUJO SOBRE PAPEL,54 X 36cm,BUENO/ENMARCADO,7.0
PINTURA,RETRATO RENACENTISTA,ANTONIO GRANADOS VALDÉS,CONTEMPORÁNEO,2001,DIBUJO SOBRE PAPEL,54 X 36cm,BUENO/ENMARCADO,8.0
PINTURA,RETRATO RENACENTISTA,ANTONIO GRANADOS VALDÉS,CONTEMPORÁNEO,2001,DIBUJO SOBRE PAPEL,54 X 36cm,BUENO/ENMARCADO,7.1
PINTURA,GRAN DUQUE VENECIANO,ANTONIO GRANADOS VALDÉS,CONTEMPORÁNEO,2001,DIBUJO SOBRE PAPEL,54 X 36cm,BUENO/ENMARCADO,7.4
PINTURA,VIEJO CABALLERO RENACENTISTA,ANTONIO GRANADOS VALDÉS,CONTEMPORÁNEO,2001,DIBUJO SOBRE PAPEL,54 X 36cm,BUENO/ENMARCADO,7.4
PINTURA,DAMA VENECIANA DEL SIGLO XV,ANTONIO GRANADOS VALDÉS,CONTEMPORÁNEO,2001,DIBUJO SOBRE PAPEL,54 X 36cm,BUENO/ENMARCADO,7.0
PINTURA,JOVEN NAPOLITANO RENACENTISTA,ANTONIO GRANADOS VALDÉS,CONTEMPORÁNEO,2001,DIBUJO SOBRE PAPEL,54 X 36cm,BUENO/ENMARCADO,7.2
PINTURA,PERSONAJE ITALIANO,ANTONIO GRANADOS VALDÉS,CONTEMPORÁNEO,2001,DIBUJO SOBRE PAPEL,54 X 36cm,BUENO/ENMARCADO,7.4
PINTURA,PERSONAJE ITALIANO,ANTONIO GRANADOS VALDÉS,CONTEMPORÁNEO,2001,DIBUJO SOBRE PAPEL,54 X 36cm,BUENO/ENMARCADO,7.6
PINTURA,RETRATO DE PAOLO UCELLO,ANTONIO GRANADOS VALDÉS,CONTEMPORÁNEO,2001,DIBUJO SOBRE PAPEL,54 X 36cm,BUENO/ENMARCADO,6.9
PINTURA,PERFIL VENECIANO,ANTONIO GRANADOS VALDÉS,CONTEMPORÁNEO,2001,DIBUJO SOBRE PAPEL,54 X 36cm,BUENO/ENMARCADO,7.4
PINTURA,RETRATO RENACENTISTA,ANTONIO GRANADOS VALDÉS,CONTEMPORÁNEO,2001,DIBUJO SOBRE PAPEL,54 X 36cm,BUENO/ENMARCADO,7.7
PINTURA,DAMA RENACENTISTA DE PERFÍL,ANTONIO GRANADOS VALDÉS,CONTEMPORÁNEO,2001,DIBUJO SOBRE PAPEL,54 X 36cm,BUENO/ENMARCADO,7.0
PINTURA,HOMBRE FUMANDO EN CACHIMBA,ANTONIO GRANADOS VALDÉS,CONTEMPORÁNEO,2004,DIBUJO SOBRE PAPEL,20 X 16cm,BUENO/ENMARCADO,7.6
PINTURA,ANCIANO SENTADO,ANTONIO GRANADOS VALDÉS,CONTEMPORÁNEO,2004,DIBUJO SOBRE PAPEL,20 X 16cm,BUENO/ENMARCADO,7.0
PINTURA,MUJER PENSANDO,ANTONIO GRANADOS VALDÉS,CONTEMPORÁNEO,2004,DIBUJO SOBRE PAPEL,20 X 15cm,BUENO/ENMARCADO,7.4
PINTURA,MUJER ELEGANTE,ANTONIO GRANADOS VALDÉS,CONTEMPORÁNEO,2004,DIBUJO SOBRE PAPEL,18 X 13cm,BUENO/ENMARCADO,7.6
PINTURA,PINTURA ABSTRACTA,ANTONIO GRANADOS VALDÉS,CONTEMPORÁNEO,2004,DIBUJO SOBRE PAPEL,16 X 22cm,BUENO/ENMARCADO,7.1
PINTURA,MUJER REPOSANDO,ANTONIO GRANADOS VALDÉS,CONTEMPORÁNEO,2004,DIBUJO SOBRE PAPEL,16 X 21cm,BUENO/ENMARCADO,7.7
PINTURA,DURMIENDO,ANTONIO GRANADOS VALDÉS,CONTEMPORÁNEO,2004,DIBUJO SOBRE PAPEL,16 X 19cm,BUENO/ENMARCADO,8.0
PINTURA,MUJER ÁRABE,ANTONIO GRANADOS VALDÉS,CONTEMPORÁNEO,2004,DIBUJO SOBRE PAPEL,19 X 19cm,BUENO/ENMARCADO,7.2
PINTURA,MUJER ÁRABE,ANTONIO GRANADOS VALDÉS,CONTEMPORÁNEO,2004,DIBUJO SOBRE PAPEL,20 X 16cm,BUENO/ENMARCADO,7.2
PINTURA,JOVEN CON UN PAJARITO,ANTONIO GRANADOS VALDÉS,CONTEMPORÁNEO,2004,DIBUJO SOBRE PAPEL,20 X 16cm,BUENO/ENMARCADO,7.2
PINTURA,MUJER APENADA,ANTONIO GRANADOS VALDÉS,CONTEMPORÁNEO,2004,DIBUJO SOBRE PAPEL,20 X 16cm,BUENO/ENMARCADO,7.6
PINTURA,MUJER SENTADA,ANTONIO GRANADOS VALDÉS,CONTEMPORÁNEO,2004,DIBUJO SOBRE PAPEL,20 X 16cm,BUENO/ENMARCADO,7.2
PINTURA,MUJER SENTADA,ANTONIO GRANADOS VALDÉS,CONTEMPORÁNEO,2004,DIBUJO SOBRE PAPEL,20 X 16cm,BUENO/ENMARCADO,7.6
PINTURA,HOMBRE CON FLOR,ANTONIO GRANADOS VALDÉS,CONTEMPORÁNEO,2004,DIBUJO SOBRE PAPEL,22 X 16cm,BUENO/ENMARCADO,7.4
PINTURA,PAISAJE URBANO DE CIEZA,MARIBEL BELTRÁN URIBE,CONTEMPORÁNEO,2005,MIXTA SOBRE TABLA,73 X 91cm,BUENO/ENMARCADO,8.2
PINTURA,PAISAJE URBANO DE CIEZA,FERNANDO VILA BELDA,CONTEMPORÁNEO,2006,ÓLEO SOBRE LIENZO,80 X 99cm,BUENO/ENMARCADO,8.2
PINTURA,PAISAJE URBANO DE CIEZA,CRISTÓBAL PÉREZ GARCÍA,CONTEMPORÁNEO,2005,MIXTA SOBRE TABLA,80 X 100cm,BUENO/ENMARCADO,8.6
PINTURA,PAISAJE URBANO DE CIEZA,INMACULADA GARCÍA RUIZ,CONTEMPORÁNEO,2003,ÓLEO SOBRE LIENZO,99 X 80cm,BUENO/ENMARCADO,8.8
PINTURA,PAISAJE URBANO DE CIEZA,ANTONY SAMELIAN,CONTEMPORÁNEO,2005,MIXTA SOBRE TABLA,99 X 73cm,BUENO/ENMARCADO,8.0
PINTURA,PAISAJE URBANO DE CIEZA,JAVIER ORTEGA LÓPEZ,CONTEMPORÁNEO,2006,MIXTA SOBRE TABLA,99 X 80cm,BUENO/ENMARCADO,7.8
PINTURA,PAISAJE URBANO DE CIEZA,MARÍA TERESA DURÁ SEPULCREDA,CONTEMPORÁNEO,2013,ÓLEO SOBRE LIENZO,99 X 99cm,BUENO/ENMARCADO,8.2
PINTURA,PAISAJE URBANO DE CIEZA,DANIEL PARRA LOZANO,CONTEMPORÁNEO,2011,MIXTA SOBRE TABLA,106 X 117cm,BUENO/ENMARCADO,8.5
PINTURA,PAISAJE URBANO DE CIEZA,BLAI TOMÁS IBÁÑEZ,CONTEMPORÁNEO,2010,MIXTA SOBRE TABLA,81 X 120cm,BUENO/SIN ENMARCAR,7.5
PINTURA,PAISAJE URBANO DE CIEZA,CARLOS ROMERA PÉREZ,CONTEMPORÁNEO,2012,ACUARELA SOBRE PAPEL,79 X 119cm,BUENO/SIN ENMARCAR,6.4
PINTURA,PINTURA ABSTRACTA,ANA ALMELA LUCAS,CONTEMPORÁNEO,2003,ÓLEO SOBRE LIENZO,80 X 59cm,BUENO/ENMARCADO,8.0
PINTURA,PAISAJE URBANO DE CIEZA,JAVIER MARTÍNEZ PINO,CONTEMPORÁNEO,2006,ÓLEO SOBRE LIENZO,100 X 81cm,BUENO/ENMARCADO,9.2
PINTURA,PAISAJE URBANO DE CIEZA,BÁLBARA PARÓN ERRADÓN,CONTEMPORÁNEO,2003,ÓLEO SOBRE LIENZO,80 X 59cm,BUENO/ENMARCADO,8.9
PINTURA,PAISAJE URBANO DE CIEZA,ANTONY SAMELIAN,CONTEMPORÁNEO,2004,ÓLEO SOBRE TABLA,99 X 81cm,BUENO/ENMARCADO,7.6
PINTURA,AGUAS,MARÍA JOAQUINA SÁNCHEZ DATO,CONTEMPORÁNEO,2002,MIXTA SOBRA TABLA,129 X 111cm,BUENO/ENMARCADO,6.9
ESCULTURA,CERÁMICA ARTÍSTICA,ANÓNIMO,CONTEMPORÁNEO,SIGLO XX,ARCILLA,25 X 28 X 16cm,BUENO/SIN RESTAURAR,5.9
ESCULTURA,CERÁMICA ARTÍSTICA,ANÓNIMO,CONTEMPORÁNEO,SIGLO XX,ARCILLA VITRIFICADA,26 X 12 X 12cm,BUENO/SIN RESTAURAR,5.9
PINTURA,PAISAJE URBANO DE CIEZA,EMILIO CARDENAS,CONTEMPORÁNEO,2015,ACUARELA SOBRE PAPEL,94 X 75cm,BUENO/ENMARCADO,7.6
PINTURA,INTERIOR CON JAULA,MARÍA JOAQUINA SÁNCHEZ DATO,CONTEMPORÁNEO,2005,MIXTA SOBRE LIENZO,180 X 114cm,BUENO/ENMARCADO,7.6
PINTURA,PAISAJE RURAL,G. ALMARCHA,CONTEMPORÁNEO,SIGLO XX,ACUARELA SOBRE PAPEL,18 X 21cm,BUENO/ENMARCADO,8.3
PINTURA,PAISAJE DE MONTAÑA,ANÓNIMO,CONTEMPORÁNEO,SIGLO XX,ACUARELA SOBRE PAPEL,31 X 40cm,BUENO/ENMARCADO,7.9
PINTURA,PAISAJE DE PRIMAVERA,JUAN ANTONIO ABELLÁN JULIÁ,CONTEMPORÁNEO,1989,ACUARELA SOBRE PAPEL,32 X 52cm,BUENO/ENMARCADO,8.1
PINTURA,PAISAJE URBANO DE CIEZA,CAMILO HUÉSCAR,CONTEMPORÁNEO,2006,MIXTA SOBRE TABLA,69 X 99cm,BUENO/ENMARCADO,8.4
PINTURA,RETRATO MASCULINO,ANÓNIMO,CONTEMPORÁNEO,SIGLO XX,ACUARELA SOBRE PAPEL,32 X 22cm,BUENO/ENMARCADO,7.6
PINTURA,PAISAJE CIEZANO,JESÚS GUARDIOLA,CONTEMPORÁNEO,1976,ÓLEO SOBRE LIENZO,53 X 44cm,BUENO/ENMARCADO,9.2
PINTURA,PAISAJE DE MONTAÑA,ANDRÉS PEÑARUBIO,CONTEMPORÁNEO,SIGLO XX,MIXTA SOBRE LIENZO,45 X 53cm,BUENO/ENMARCADO,7.5
PINTURA,PAISAJE RURAL,JESÚS CARRILLO VILLA,CONTEMPORÁNEO,SIGLO XX,ACRÍLICO SOBRE TABLA,32 X 45cm,BUENO/ENMARCADO,7.3
PINTURA,PINTURA ABSTRACTA,JAVIER MARTÍNEZ PINO,CONTEMPORÁNEO,2005,MIXTA SOBRE LIENZO,99 X 80cm,BUENO/ENMARCADO,7.5
PINTURA,PAISAJE DE MONTAÑA,PASCUAL PIÑERA,CONTEMPORÁNEO,1983,ACUARELA SOBRE PAPEL,34 X 51cm,BUENO/ENMARCADO,7.5
PINTURA,PINTURA ABSTRACTA,JUANA CARRILLO,CONTEMPORÁNEO,2007,COLLAGE SOBRE PAPEL,100 X 100cm,BUENO/SIN ENMARCAR,6.6
PINTURA,PAISAJE DE OTOÑO,ANTONIO BUITRAGO PUCHE,CONTEMPORÁNEO,SIGLO XX,ÓLEO SOBRE LIENZO,52 X 63cm,BUENO/ENMARCADO,8.9
PINTURA,PAISAJE URBANO DE CIEZA,ANÓNIMO,CONTEMPORÁNEO,DESCONOCIDA,ÓLEO SOBRE TABLA,100 X 180cm,BUENO/ENMARCADO,7.9
PINTURA,PINTURA ABSTRACTA,ANTONIO MARTÍNEZ MENGUAL,CONTEMPORÁNEO,1986,DIBUJO Y PINTURA SOBRE PAPEL,99 X 70cm,BUENO/ENMARCADO,7.9
PINTURA,RETRATO DE MUJER ÁRABE,MARÍA JESÚS CASTAÑEDA FUENTES,CONTEMPORÁNEO,SIGLO XX,MIXTA SOBRE TABLA,19 X 16cm,BUENO/ENMARCADO,7.4
PINTURA,PINTURA ABSTRACTA,MARIANO ROJAS MARÍN,CONTEMPORÁNEO,1989,GRABADO SOBRE PAPEL,24 X 19cm,BUENO/ENMARCADO,7.4
PINTURA,PINTURA ABSTRACTA,ANTONIO MORENO,CONTEMPORÁNEO,1989,GRABADO SOBRE PAPEL,25 X 19cm,BUENO/ENMARCADO,8.1
PINTURA,GRACIAS A LA PARED,JOSÉ MARÍA LISÓN,CONTEMPORÁNEO,SIGLO XX,MIXTA SOBRE PAPEL,23 X 16cm,BUENO/ENMARCADO,6.6
PINTURA,UNA DE CAL,JOSÉ SEMITIEL SEGURA,CONTEMPORÁNEO,2003,ÓLEO SOBRE LIENZO,99 X 80cm,BUENO/ENMARCADO,8.7
PINTURA,DENTADURA HUMANA,"JOSÉ ANTONIO TORREGROSA GARCÍA ""TORREGAR""",CONTEMPORÁNEO,2002,MIXTA SOBRE TABLA,100 X 100cm,BUENO/SIN ENMARCAR,7.5
PINTURA,PINTURA ABSTRACTA,JOSÉ LUCAS RUIZ,CONTEMPORÁNEO,SIGLO XX,MIXTA SOBRE TABLA,98 X 78cm,BUENO/ENMARCADO,7.7
PINTURA,BIBIAN II (COLECCIÓN PENSAR EN ROJO),ÀLVAR CALVET CASTELLERS,CONTEMPORÁNEO,2004,MIXTA SOBRE FUSTA,100 X 100cm,BUENO/SIN ENMARCAR,6.4
PINTURA,PINTURA ABSTRACTA,CAMPOS AMBROSIO,CONTEMPORÁNEO,SIGLO XX,MIXTA SOBRE LIENZO,146 X 115cm,BUENO/ENMARCADO,7.9
PINTURA,PAISAJE RURAL,PIÑERA,CONTEMPORÁNEO,SIGLO XX,ACUARELA SOBRE PAPEL,37 X 50cm,BUENO/ENMARCADO,7.4
DIBUJO,PLANO URBANO DE CIEZA,DIEGO TEMPLADO MARTÍNEZ,CONTEMPORÁNEO,1913,DIBUJO SOBRE PAPEL,100 X 153cm,BUENO/ENMARCADO,6.5
PINTURA,POLIMNIA (COLECCIÓN M.U.S.A.S),MIRIAM MARTÍNEZ ABELLÁN,CONTEMPORÁNEO,2015,COLLAGE SOBRE PAPEL,39 X 29cm,BUENO/ENMARCADO,7.7
FOTOGRAFÍA,SANTÍSIMO ECCE HOMO,MANUEL CARPIO,CONTEMPORÁNEO,2008,IMPRESIÓN DIGITAL EN COLOR,80 X 119cm,BUENO/SIN ENMARCAR,5.0
FOTOGRAFÍA,MAGENTA SOBRE NEGRO,MARIANO BELMAR TORRECILLA,CONTEMPORÁNEO,2004,IMPRESIÓN DIGITAL EN COLOR,31 X 45cm,BUENO/SIN ENMARCAR,5.6
ESCULTURA,QUERUBIN ABRAZANDO CÁNTARO,NICOLÁS MARTÍNEZ RAMÓN,CONTEMPORÁNEO,SIGLO XX,PIEDRA CALIZA TALLADA Y PULIDA,128 X 48 X 34cm,REGULAR/SIN RESTAURAR,6.0
ESCULTURA,QUERUBIN SUJETANDO CÁNTARO,NICOLÁS MARTÍNEZ RAMÓN,CONTEMPORÁNEO,SIGLO XX,PIEDRA CALIZA TALLADA Y PULIDA,135 X 50 X 34cm,REGULAR/SIN RESTAURAR,6.3
ESCULTURA,BUSTO FRANCISCO FRANCO,JOSÉ PLANES PEÑALVER,REALISMO DE POSGUERRA,1940,PIEDRA CALIZA TALLADA Y PULIDA,60 X 19 X 40cm,REGULAR/SIN RESTAURAR,5.6
ESCULTURA,MONUMENTO A LA MADRE,JUAN SOLANO GARCÍA,CONTEMPORÁNEO,1975,BRONCE A LA CERA PERDIDA,210 X 152 X 120cm,REGULAR/SIN RESTAURAR,6.4
ESCULTURA,MONUMENTO FÉLIX RODRÍGUEZ DE LA FUENTE,JUAN SOLANO GARCÍA,CONTEMPORÁNEO,1985,PIEDRA ARENÍSCA NEGRA,357 X 470 X 300cm,REGULAR/SIN RESTAURAR,5.5
ESCULTURA,MONUMENTO ANTONIO PÉREZ GÓMEZ,JOSÉ HERNÁNDEZ CANO,CONTEMPORÁNEO,1976,"PIEDRA, GRANITO Y MÁRMOL",140 X 50 X 30cm,BUENO/SIN RESTAURAR,6.0
ESCULTURA,ALEGORÍA A LA AGRICULTURA,SALVADOR SUSARTE MOLINA,CONTEMPORÁNEO,2006,BRONCE A LA CERA PERDIDA,216 X 144 X 170cm,BUENO/SIN RESTAURAR,5.6
ESCULTURA,HOMENAJE A CAYETANO TOLEDO PUCHE,SALVADOR SUSARTE MOLINA,CONTEMPORÁNEO,2009,ACERO CORTÉN,485 X 320 X 140cm,BUENO/SIN RESTAURAR,5.9
ESCULTURA,ESCULTURA MONUMENTAL TORO,SALVADOR SUSARTE MOLINA,CONTEMPORÁNEO,2010,BRONCE A LA CERA PERDIDA,166 X 310 X 115cm,BUENO/SIN RESTAURAR,6.2
ESCULTURA,MONUMENTO A LA SEMANA SANTA,ANTONIO JESÚS YUSTE NAVARRO,CONTEMPORÁNEO,2010,BRONCE A LA CERA PERDIDA,318 X 210 X 170cm,BUENO/SIN RESTAURAR,5.6
ESCULTURA,MONUMENTO A LA MUDA,ANTONIO JESÚS YUSTE NAVARRO,CONTEMPORÁNEO,2011,BRONCE A LA CERA PERDIDA,170 X 134 X 94cm,BUENO/SIN RESTAURAR,6.1
ESCULTURA,MONUMENTO A LOS DONANTES DE SANGRE,DAVID RODRÍGUEZ PÉREZ,CONTEMPORÁNEO,2012,ACERO CORTÉN Y BRONCE,377 X 233 X 233cm,BUENO/SIN RESTAURAR,6.3
PINTURA,LA MESA DE LA PISCINA,JOSÉ LUIS ANGULO,CONTEMPORÁNEO,2014,MIXTA SOBRE TABLA,160 X 160cm,BUENO/ENMARCADO,7.6
ESCULTURA,TORSO FEMENINO,ESTUDIO CALIMA,CONTEMPORÁNEO,SIGLO XX,BRONCE A LA CERA PERDIDA,20 X 8 X 9cm,BUENO/SIN RESTAURAR,5.6
ESCULTURA,TEJA DECORATIVA,PABLO DE LA PEÑA,CONTEMPORÁNEO,SIGLO XX,CERÁMICA VIDRIADA,31 X 20 X 10cm,BUENO/SIN RESTAURAR,5.5
PINTURA,EL MITO DE LA CABERNA DE PLATÓN,P. CÉSAR DELGADO,CONTEMPORÁNEO,SIGLO XX,ÓLEO SOBRE LIENZO,40 X 25cm,BUENO/ENMARCADO,8.1
PINTURA,CALLE DEL CID,ZACARÍAS CEREZO,CONTEMPORÁNEO,SIGLO XX,TINTA SOBRE PAPEL,30 X 20cm,BUENO/ENMARCADO,7.9
PINTURA,PAISAJE RURAL,MARIANO MARTÍNEZ BÉJAR,CONTEMPORÁNEO,1998,ÓLEO SOBRE TABLA,104 X 63cm,BUENO/ENMARCADO,8.3
PINTURA,RAMAS DE PALMERA,MANOLO PARDO,CONTEMPORÁNEO,2015,GRABADO SOBRE PAPEL,100 X 74cm,BUENO/ENMARCADO,7.2
ESCULTURA,MURAL ATALAYA DE CIEZA,SALVADOR SUSARTE MOLINA,CONTEMPORÁNEO,1995,ACERO CORTÉN Y PIEL,800 X 200cm,BUENO/SIN RESTAURAR,6.6
PINTURA,SIN TÍTULO,PASCUAL LUCAS MOTELLÓN,CONTEMPORÁNEO,1983,DIBUJO SOBRE PAPEL,37 X 23cm,BUENO/SIN ENMARCAR,6.3
PINTURA,INTERIOR DE CASA ÁRABE EN LA MEDINA DEL MUSEO SIYÂSA,GUILLERMINA SÁNCHEZ ORÓ,CONTEMPORÁNEO,2014,ACUARELA SOBRE PAPEL ARCHES,31 X 41cm,BUENO/SIN ENMARCAR,6.3
PINTURA,ABSTRACCIÓN GEOMÉTRICA,ANÓNIMO,CONTEMPORÁNEO,1981,SERIGRAFIA SOBRE PAPEL,40 X 30cm,MALO/SIN ENMARCAR,6.4
ESCULTURA,RETRATO DE DON NADIE III,JOSÉ MARÍA GARRES,CONTEMPORÁNEO,2014,MIXTA SOBRE PIEDRA,50 X 18 X 25cm,BUENO/SIN RESTAURAR,5.3
PINTURA,ENTRE EL CIELO Y LA TIERRA I,JUAN ANTONIO ABELLÁN JULIÁ,CONTEMPORÁNEO,2000,"PIGMENTOS NATURALES, LÁTEX Y CELULOSA",1.800 X 300cm,BUENO/SIN RESTAURAR,6.1
PINTURA,ENTRE EL CIELO Y LA TIERRA II,JUAN ANTONIO ABELLÁN JULIÁ,CONTEMPORÁNEO,2000,"PIGMENTOS NATURALES, LÁTEX Y CELULOSA",1.800 X 200 X 10m,BUENO/SIN RESTAURAR,6.4
PINTURA,SIN TÍTULO,JUAN ANTONIO ABELLÁN JULIÁ,CONTEMPORÁNEO,2010,"PIGMENTOS NATURALES, LÁTEX Y CELULOSA",103 X 124cm,BUENO/SIN RESTAURAR,6.0
PINTURA,MI TIERRA I,JUAN ANTONIO ABELLÁN JULIÁ,CONTEMPORÁNEO,2015,PIGMENTOS NATURALES Y RESINA DE POLIÉSTER,120 X 200 X 10cm,BUENO/SIN RESTAURAR,5.7
PINTURA,MI TIERRA II,JUAN ANTONIO ABELLÁN JULIÁ,CONTEMPORÁNEO,2015,PIGMENTOS NATURALES Y RESINA DE POLIÉSTER,120 X 200 X 10cm,BUENO/SIN RESTAURAR,6.7
PINTURA,FRÁGILES XIX,ROSA ANA MARTOS SITCHA,CONTEMPORÁNEO,2015,ACRÍLICO SOBRE TABLA,150 X 150cm,BUENO/SIN ENMARCAR,6.6
PINTURA,PAISAJE URBANO DE CIEZA,MARÍA LUISA GUILLAMÓN,CONTEMPORÁNEO,SIGLO XX,MIXTA SOBRE LIENZO,90 X 70cm,BUENO/ENMARCADO,7.8
PINTURA,PAISAJE URBANO,FIRMA ILEGIBLE,CONTEMPORÁNEO,1981,ÓLEO SOBRE LIENZO,55 X 68cm,BUENO/ENMARCADO,8.3
PINTURA,PAISAJE CIEZANO,CAYETANO SAURA ARANDA,CONTEMPORÁNEO,SIGLO XX,ÓLEO SOBRE LIENZO,32 X 40cm,BUENO/ENMARCADO,8.3
PINTURA,PAISAJE DE INVIERNO,JOSÉ ANTONIO FERNÁNDEZ BARRIOSO,CONTEMPORÁNEO,1982,ACUARELA SOBRE PAPEL,23 X 33cm,BUENO/ENMARCADO,7.2
PINTURA,NIÑA EN EL CAMPO,GUIOVANNI RUIZ TORTOSA,CONTEMPORÁNEO,SIGLO XX,PASTEL SOBRE PAPEL,58 X 48cm,BUENO/ENMARCADO,6.8
PINTURA,PAISAJE DE OTOÑO,ANÓNIMO,CONTEMPORÁNEO,SIGLO XX,ÓLEO SOBRE LIENZO,60 X 72cm,REGULAR/SIN ENMARCAR,8.5
PINTURA,PINTURA ABSTRACTA,ANÓNIMO,CONTEMPORÁNEO,SIGLO XX,ACUARELA SOBRE PAPEL,30 X 24cm,BUENO/ENMARCADO,7.1
PINTURA,PINTURA ABSTRACTA,ANÓNIMO,CONTEMPORÁNEO,SIGLO XX,ACUARELA SOBRE PAPEL,30 X 24cm,BUENO/ENMARCADO,6.8
PINTURA,PINTURA ABSTRACTA,ANÓNIMO,CONTEMPORÁNEO,SIGLO XX,ACUARELA SOBRE PAPEL,30 X 24cm,BUENO/ENMARCADO,7.4
PINTURA,PINTURA ABSTRACTA,ANÓNIMO,CONTEMPORÁNEO,SIGLO XX,ACUARELA SOBRE PAPEL,30 X 24cm,BUENO/ENMARCADO,7.3
PINTURA,PINTURA ABSTRACTA,ANÓNIMO,CONTEMPORÁNEO,SIGLO XX,ACUARELA SOBRE PAPEL,30 X 24cm,BUENO/ENMARCADO,7.0
PINTURA,PINTURA MATÉRICA,JOSÉ MARÍA LISÓN,CONTEMPORÁNEO,1996,MIXTA SOBRE LIENZO,160 X 130cm,REGULAR/ENMARCADO,6.7
PINTURA,BOCETO ESCULTÓRICO I,MARÍA JESÚS CASTAÑEDA FUENTES,CONTEMPORÁNEO,SIGLO XX,CARBONCILLO SOBRE PAPEL,98 X 66cm,REGULAR/ENMARCADO,6.7
PINTURA,BOCETO ESCULTÓRICO II,MARÍA JESÚS CASTAÑEDA FUENTES,CONTEMPORÁNEO,SIGLO XX,CARBONCILLO SOBRE PAPEL,99 X 69cm,REGULAR/ENMARCADO,5.9
PINTURA,PASEO DE CIEZA (30 MURALES Y 17 COLUMNAS),JOSÉ LUCAS RUIZ,CONTEMPORÁNEO,1986,PIGMENTOS NATURALES DE ALTA COCIÓN SOBRE CERÁMICA GRES,17.000 + 25.800cm,MALO/SIN RESTAURAR,5.9
PINTURA,PAISAJE CON PÓRTICO CLÁSICO,FIRMA ILEGIBLE,CONTEMPORÁNEO,SIGLO XX,ÓLEO SOBRE LIENZO,32 X 25cm,REGULAR/ENMARCADO,7.7
PINTURA,FLORES,MIÑANO,CONTEMPORÁNEO,1990,ACUARELA SOBRE PAPEL,31 X 21cm,REGULAR/ENMARCADO,6.5
PINTURA,GIRASOLES,FIRMA ILEGIBLE,CONTEMPORÁNEO,SIGLO XX,ÓLEO SOBRE LIENZO,33 X 24cm,REGULAR/ENMARCADO,7.2
PINTURA,PENSANDO,J. BOSH,CONTEMPORÁNEO,SIGLO XX,ÓLEO SOBRE LIENZO,40 X 33cm,REGULAR/SIN ENMARCAR,7.3
PINTURA,ABSTRACCIÓN GEOMÉTRICA,PASCUAL PIÑERA,CONTEMPORÁNEO,1975,MIXTA SOBRE TABLA,36 X 30cm,REGULAR/ENMARCADO,6.9
FOTOGRAFÍA,JESÚS DE NAZARENO,MARÍA DOLORES CARRILLO VILLALBA,CONTEMPORÁNEO,SIGLO XX,IMPRESIÓN DIGITAL EN COLOR,40 X 30cm,REGULAR/SIN ENMARCAR,4.8
FOTOGRAFÍA,VIRGEN DE LOS DOLORES,RAFAEL TALÓN MARTÍNEZ,CONTEMPORÁNEO,1991,IMPRESIÓN DIGITAL EN COLOR,40 X 30cm,REGULAR/SIN ENMARCAR,5.2
FOTOGRAFÍA,BESO DE JUDAS,RAFAEL TALÓN MARTÍNEZ,CONTEMPORÁNEO,1991,IMPRESIÓN DIGITAL EN COLOR,40 X 30cm,REGULAR/SIN ENMARCAR,6.2
FOTOGRAFÍA,JESÚS NAZARENO EN LA CARRERA,MARÍA DOLORES CARRILLO VILLALBA,CONTEMPORÁNEO,SIGLO XX,IMPRESIÓN DIGITAL EN COLOR,40 X 30cm,REGULAR/SIN ENMARCAR,5.4
FOTOGRAFÍA,VIRGEN DE LA SOLEDAD,ANÓNIMO,CONTEMPORÁNEO,SIGLO XX,IMPRESIÓN DIGITAL EN COLOR,40 X 30cm,REGULAR/SIN ENMARCAR,4.8
FOTOGRAFÍA,CRISTO DE LA AGONÍA,CAYETANO RAMÓN VILAPLANA,CONTEMPORÁNEO,SIGLO XX,IMPRESIÓN DIGITAL EN COLOR,40 X 30cm,REGULAR/SIN ENMARCAR,5.4
FOTOGRAFÍA,SAN PEDRO,RAFAEL TALÓN MARTÍNEZ,CONTEMPORÁNEO,1991,IMPRESIÓN DIGITAL EN COLOR,40 X 30cm,REGULAR/SIN ENMARCAR,5.0
FOTOGRAFÍA,LA FLAGELACIÓN,RAFAEL TALÓN MARTÍNEZ,CONTEMPORÁNEO,1991,IMPRESIÓN DIGITAL EN COLOR,40 X 30cm,REGULAR/SIN ENMARCAR,5.3
FOTOGRAFÍA,CRISTO DE LA CAÍDA,ANTONIO CARRILLO VILLA,CONTEMPORÁNEO,SIGLO XX,IMPRESIÓN DIGITAL EN COLOR,40 X 30cm,REGULAR/SIN ENMARCAR,5.6
PINTURA,TORERO A HOMBROS,J. BALLESTEROS,CONTEMPORÁNEO,SIGLO XX,GRABADO SOBRE PAPEL,37 X 20cm,REGULAR/ENMARCADO,6.4
PINTURA,PINTURA ABSTRACTA,GIL,CONTEMPORÁNEO,1985,MIXTA SOBRE LIENZO,60 X 50cm,REGULAR/SIN ENMARCAR,6.5
PINTURA,INSTRUMENTOS MUSICALES,L. MARÍN,CONTEMPORÁNEO,1976,ÓLEO SOBRE LIENZO,80 X 64cm,REGULAR/SIN ENMARCAR,7.1
PINTURA,PAISAJE ABSTRACTO,JUAN LUCAS,CONTEMPORÁNEO,1987,ÓLEO SOBRE LIENZO,60 X 45cm,REGULAR/ENMARCADO,8.0
PINTURA,CARTEL SEMANA SANTA DE CIEZA,ANÓNIMO,CONTEMPORÁNEO,1986,MIXTA SOBRE TABLA,90 X 64cm,REGULAR/SIN ENMARCAR,7.2
PINTURA,BODEGÓN CON FRUTAS,FIRMA ILEGIBLE,CONTEMPORÁNEO,1989,ÓLEO SOBRE LIENZO,60 X 47cm,BUENO/ENMARCADO,8.6
PINTURA,RETRATO DE MUJER,MARÍA JOAQUINA SÁNCHEZ DATO,CONTEMPORÁNEO,SIGLO XX,ÓLEO SOBRE LIENZO,60 X 49cm,REGULAR/ENMARCADO,8.3
PINTURA,RETRATO DE NIÑA,ANTONIO MARTÍNEZ MORALES,CONTEMPORÁNEO,1982,ÓLEO SOBRE LIENZO,36 X 43cm,REGULAR/ENMARCADO,7.5
PINTURA,NOCTURNO,PEDRO ANTONIO MARÍN PENALVA,CONTEMPORÁNEO,SIGLO XX,ÓLEO SOBRE TABLA,23 X 32cm,REGULAR/ENMARCADO,5.5
PINTURA,PAISAJE DE MONTAÑA,PEDRO ANTONIO MARÍN PENALVA,CONTEMPORÁNEO,SIGLO XX,ÓLEO SOBRE TABLA,31 X 44cm,REGULAR/ENMARCADO,6.7
PINTURA,PAISAJE RURAL,F. DÍAZ,CONTEMPORÁNEO,1984,ÓLEO SOBRE LIENZO,33 X 41cm,REGULAR/ENMARCADO,8.2
PINTURA,RETRATO DE NIÑA,JESÚS MORENO GUARDIOLA,CONTEMPORÁNEO,1975,DIBUJO SOBRE PAPEL,28 X 25cm,REGULAR/ENMARCADO,6.4
PINTURA,PAISAJE URBANO,JUAN CAMACHO,CONTEMPORÁNEO,1974,SANGUINA SOBRE PAPEL,24 X 18cm,REGULAR/ENMARCADO,6.8
PINTURA,PAISAJE CIEZANO,ANTONIO BALLESTEROS BALDRICH,CONTEMPORÁNEO,1977,DIBUJO SOBRE PAPEL,20 X 30cm,REGULAR/ENMARCADO,6.8
PINTURA,RETRATO ESCULTÓRICO,M. C. ORTUÑO,CONTEMPORÁNEO,1976,SANGUINA SOBRE PAPEL,37 X 26cm,REGULAR/ENMARCADO,7.0
PINTURA,PAISAJE RURAL,ANÓNIMO,CONTEMPORÁNEO,SIGLO XX,ÓLEO SOBRE LIENZO,32 X 40cm,REGULAR/ENMARCADO,7.9
PINTURA,PAISAJE RURAL,PASCUAL PÉREZ RODRÍGUEZ,CONTEMPORÁNEO,SIGLO XX,ÓLEO SOBRE TABLA,40 X 70cm,REGULAR/ENMARCADO,6.8
PINTURA,INTERIOR DEL TALLER DE ARTE,JESÚS MORENO GUARDIOLA,CONTEMPORÁNEO,1975,DIBUJO SOBRE PAPEL,64 X 47cm,REGULAR/ENMARCADO,6.3
ESCULTURA,ESCULTURA ABSTRACTA EN FACHADA,JOSÉ LUCAS RUIZ,CONTEMPORÁNEO,1987,"ACERO CORTÉN, BRONCE Y METAL",1.038 X 795 X 45cm,BUENO/SIN RESTAURAR,6.7
ESCULTURA,VALLA ARTÍSTICA AUDITORIO GABRIEL CELAYA,PAULINA REAL HERRERA Y RUFINA CAMPUZANO,CONTEMPORÁNEO,2008,METAL Y PINTURA,11.284cm,BUENO/SIN RESTAURAR,5.9
ESCULTURA,CERÁMICA ARTÍSTICA,P. MERCEDES,CONTEMPORÁNEO,SIGLO XX,ARCILLA INCISA Y PINTADA,23 X 20 X 22cm,BUENO/SIN RESTAURAR,5.9
